{
	"credit": "Made with Blockbench",
	"parent": "block/block",
	"textures": {
		"2": "block/monster_egg",
		"texture": "block/cracked_stone_bricks",
		"particle": "block/monster_egg"
	},
	"elements": [
		{
			"name": "Cube1",
			"from": [0, 0, 0],
			"to": [16, 16, 16],
			"faces": {
				"north": {"uv": [0, 0, 16, 16], "texture": "#texture"},
				"east": {"uv": [0, 0, 16, 16], "texture": "#texture"},
				"south": {"uv": [0, 0, 16, 16], "texture": "#texture"},
				"west": {"uv": [0, 0, 16, 16], "texture": "#texture"},
				"up": {"uv": [0, 0, 16, 16], "texture": "#texture"},
				"down": {"uv": [0, 0, 16, 16], "texture": "#texture"}
			}
		},
		{
			"name": "Cube2",
			"from": [-0.01, -0.01, -0.01],
			"to": [16.01, 16.01, 16.01],
			"faces": {
				"north": {"uv": [0.01825, 0.01825, 16, 16], "texture": "#2"},
				"east": {"uv": [0.01825, 0.01825, 16, 16], "texture": "#2"},
				"south": {"uv": [0, 0.01825, 15.98175, 16], "texture": "#2"},
				"west": {"uv": [0, 0.01825, 15.98175, 16], "texture": "#2"},
				"up": {"uv": [0, 0, 15.98175, 15.98175], "texture": "#2"},
				"down": {"uv": [0, 0.01825, 15.98175, 16], "texture": "#2"}
			}
		}
	]
}