{
	"credit": "Made with Blockbench",
	"parent": "block/orientable",
	"textures": {
		"2": "block/arrow_side2",
		"3": "block/arrow_top1",
		"front": "block/dispenser_front",
		"side": "block/furnace_side",
		"particle": "block/arrow_side2"
	},
	"elements": [
		{
			"from": [0, 0, 0],
			"to": [16, 16, 16],
			"faces": {
				"north": {"uv": [0, 0, 16, 16], "texture": "#front"},
				"east": {"uv": [16, 0, 0, 16], "texture": "#2"},
				"south": {"uv": [0, 0, 16, 16], "texture": "#side"},
				"west": {"uv": [0, 0, 16, 16], "texture": "#2"},
				"up": {"uv": [0, 0, 16, 16], "rotation": 90, "texture": "#3"},
				"down": {"uv": [0, 0, 16, 16], "rotation": 270, "texture": "#3"}
			}
		}
	]
}