{
	"credit": "Made with Blockbench",
	"ambientocclusion": false,
	"textures": {
		"3": "block/hopper_back",
		"4": "block/hopper_inside",
		"5": "block/hopper_top"
	},
	"elements": [
		{
			"from": [0, 10, 0],
			"to": [16, 11, 16],
			"faces": {
				"north": {"uv": [0, 5, 16, 6], "texture": "#3"},
				"east": {"uv": [0, 5, 16, 6], "texture": "#3"},
				"south": {"uv": [0, 5, 16, 6], "texture": "#3"},
				"west": {"uv": [0, 5, 16, 6], "texture": "#3"},
				"up": {"uv": [0, 0, 16, 16], "texture": "#4"},
				"down": {"uv": [0, 0, 16, 16], "texture": "#3"}
			}
		},
		{
			"from": [0, 11, 0],
			"to": [2, 16, 16],
			"faces": {
				"north": {"uv": [0, 0, 2, 5], "texture": "#3"},
				"east": {"uv": [0, 0, 16, 5], "texture": "#3"},
				"south": {"uv": [0, 0, 2, 5], "texture": "#3"},
				"west": {"uv": [0, 0, 16, 5], "texture": "#3"},
				"up": {"uv": [0, 0, 2, 16], "texture": "#5"},
				"down": {"uv": [0, 0, 2, 16], "texture": "#missing"}
			}
		},
		{
			"from": [14, 11, 0],
			"to": [16, 16, 16],
			"faces": {
				"north": {"uv": [14, 0, 16, 5], "texture": "#3"},
				"east": {"uv": [0, 0, 16, 5], "texture": "#3"},
				"south": {"uv": [14, 0, 16, 5], "texture": "#3"},
				"west": {"uv": [0, 0, 16, 5], "texture": "#3"},
				"up": {"uv": [14, 0, 16, 16], "texture": "#5"},
				"down": {"uv": [14, 0, 16, 16], "texture": "#missing"}
			}
		},
		{
			"from": [2, 11, 0],
			"to": [14, 16, 2],
			"faces": {
				"north": {"uv": [2, 0, 14, 5], "texture": "#3"},
				"east": {"uv": [0, 0, 2, 5], "texture": "#missing"},
				"south": {"uv": [2, 0, 14, 5], "texture": "#3"},
				"west": {"uv": [0, 0, 2, 5], "texture": "#missing"},
				"up": {"uv": [2, 0, 14, 2], "texture": "#5"},
				"down": {"uv": [2, 0, 14, 2], "texture": "#missing"}
			}
		},
		{
			"from": [2, 11, 14],
			"to": [14, 16, 16],
			"faces": {
				"north": {"uv": [2, 0, 14, 5], "texture": "#3"},
				"east": {"uv": [14, 0, 16, 5], "texture": "#missing"},
				"south": {"uv": [2, 0, 14, 5], "texture": "#3"},
				"west": {"uv": [14, 0, 16, 5], "texture": "#missing"},
				"up": {"uv": [2, 14, 14, 16], "texture": "#5"},
				"down": {"uv": [2, 14, 14, 16], "texture": "#missing"}
			}
		},
		{
			"from": [4, 4, 4],
			"to": [12, 10, 12],
			"faces": {
				"north": {"uv": [4, 6, 12, 12], "texture": "#3"},
				"east": {"uv": [4, 6, 12, 12], "texture": "#3"},
				"south": {"uv": [4, 6, 12, 12], "texture": "#3"},
				"west": {"uv": [4, 6, 12, 12], "texture": "#3"},
				"up": {"uv": [4, 4, 12, 12], "texture": "#missing"},
				"down": {"uv": [4, 4, 12, 12], "texture": "#3"}
			}
		},
		{
			"from": [6, 0, 6],
			"to": [10, 4, 10],
			"faces": {
				"north": {"uv": [6, 12, 10, 16], "texture": "#3"},
				"east": {"uv": [6, 12, 10, 16], "texture": "#3"},
				"south": {"uv": [6, 12, 10, 16], "texture": "#3"},
				"west": {"uv": [6, 12, 10, 16], "texture": "#3"},
				"up": {"uv": [6, 6, 10, 10], "texture": "#3"},
				"down": {"uv": [6, 6, 10, 10], "texture": "#3"}
			}
		}
	]
}