{
	"credit": "Made with Blockbench",
	"ambientocclusion": false,
	"textures": {
		"3": "block/bedrock",
		"4": "block/hopper_top",
		"6": "block/hopper_back",
		"7": "block/hopper_inside",
		"particle": "block/bedrock"
	},
	"elements": [
		{
			"from": [0, 10, 0],
			"to": [16, 11, 16],
			"faces": {
				"north": {"uv": [0, 5, 16, 6], "texture": "#6"},
				"east": {"uv": [0, 5, 16, 6], "rotation": 180, "texture": "#6"},
				"south": {"uv": [0, 5, 16, 6], "texture": "#6"},
				"west": {"uv": [0, 5, 16, 6], "texture": "#6"},
				"up": {"uv": [0, 0, 16, 16], "texture": "#7"},
				"down": {"uv": [0, 0, 16, 16], "texture": "#6"}
			}
		},
		{
			"from": [0, 11, 0],
			"to": [2, 16, 16],
			"faces": {
				"north": {"uv": [0, 0, 2, 5], "texture": "#6"},
				"east": {"uv": [0, 0, 16, 5], "rotation": 180, "texture": "#6"},
				"south": {"uv": [0, 0, 2, 5], "texture": "#6"},
				"west": {"uv": [0, 0, 16, 5], "texture": "#6"},
				"up": {"uv": [0, 0, 2, 16], "texture": "#4"},
				"down": {"uv": [0, 0, 2, 16], "texture": "#6"}
			}
		},
		{
			"from": [14, 11, 0],
			"to": [16, 16, 16],
			"faces": {
				"north": {"uv": [14, 0, 16, 5], "texture": "#6"},
				"east": {"uv": [0, 0, 16, 5], "rotation": 180, "texture": "#6"},
				"south": {"uv": [14, 0, 16, 5], "texture": "#6"},
				"west": {"uv": [0, 0, 16, 5], "texture": "#6"},
				"up": {"uv": [14, 0, 16, 16], "texture": "#4"},
				"down": {"uv": [14, 0, 16, 16], "texture": "#6"}
			}
		},
		{
			"from": [2, 11, 0],
			"to": [14, 16, 2],
			"faces": {
				"north": {"uv": [2, 0, 14, 5], "texture": "#6"},
				"east": {"uv": [0, 0, 2, 5], "rotation": 180, "texture": "#6"},
				"south": {"uv": [2, 0, 14, 5], "texture": "#6"},
				"west": {"uv": [0, 0, 2, 5], "texture": "#6"},
				"up": {"uv": [2, 0, 14, 2], "texture": "#4"},
				"down": {"uv": [2, 0, 14, 2], "texture": "#6"}
			}
		},
		{
			"from": [2, 11, 14],
			"to": [14, 16, 16],
			"faces": {
				"north": {"uv": [2, 0, 14, 5], "texture": "#6"},
				"east": {"uv": [14, 0, 16, 5], "rotation": 180, "texture": "#6"},
				"south": {"uv": [2, 0, 14, 5], "texture": "#6"},
				"west": {"uv": [14, 0, 16, 5], "texture": "#6"},
				"up": {"uv": [2, 14, 14, 16], "texture": "#4"},
				"down": {"uv": [2, 14, 14, 16], "texture": "#6"}
			}
		},
		{
			"from": [4, 4, 4],
			"to": [12, 10, 12],
			"faces": {
				"north": {"uv": [4, 6, 12, 12], "texture": "#3"},
				"east": {"uv": [4, 6, 12, 12], "rotation": 180, "texture": "#3"},
				"south": {"uv": [4, 6, 12, 12], "texture": "#3"},
				"west": {"uv": [4, 6, 12, 12], "texture": "#3"},
				"up": {"uv": [4, 4, 12, 12], "texture": "#3"},
				"down": {"uv": [4, 4, 12, 12], "texture": "#3"}
			}
		},
		{
			"from": [6, 4, 0],
			"to": [10, 8, 4],
			"faces": {
				"north": {"uv": [6, 8, 10, 12], "texture": "#3"},
				"east": {"uv": [0, 8, 4, 12], "rotation": 180, "texture": "#3"},
				"south": {"uv": [6, 8, 10, 12], "texture": "#3"},
				"west": {"uv": [0, 8, 4, 12], "texture": "#3"},
				"up": {"uv": [6, 0, 10, 4], "texture": "#3"},
				"down": {"uv": [6, 0, 10, 4], "texture": "#3"}
			}
		}
	]
}